Event,White,Black,Result,UTCDate,UTCTime,WhiteElo,BlackElo,WhiteRatingDiff,BlackRatingDiff,ECO,Opening,TimeControl,Termination,AN
Classical ,eisaaaa,HAMID449,1-0,2016.06.30,22:00:01,1901,1896,11,-11,D10,Slav Defense,300+5,Time forfeit,1. d4 d5 2. c4 c6 3. e3 a6 4. Nf3 e5 5. cxd5 e4 6. Ne5 cxd5 7. Qa4+ Bd7 8. Nxd7 Nxd7 9. Nc3 Nf6 10. Qb3 Be7 11. Nxd5 Qa5+ 12. Nc3 O-O 13. Be2 b5 14. O-O Rad8 15. Bd2 Qc7 16. Rac1 Qd6 17. Qc2 Qe6 18. Nb1 Bd6 19. a3 Nb6 20. Qc6 Nfd5 21. Ba5 Rc8 22. Qb7 Qh6 23. h3 Nc4 24. Bxc4 bxc4 25. Qxd5 Rfd8 26. Qxe4 Rd7 27. Bc3 Re7 28. Qf3 Re6 29. Nd2 Rf6 30. Qg4 Re8 31. Ne4 Rg6 32. Qd7 Rf8 33. Nxd6 Rxd6 34. Qc7 Rg6 35. Qh2 Re8 36. d5 f6 37. d6 Rd8 38. Rfd1 1-0
Blitz ,go4jas,Sergei1973,0-1,2016.06.30,22:00:01,1641,1627,-11,12,C20,King's Pawn Opening: 2.b3,300+0,Normal,1. e4 e5 2. b3 Nf6 3. Bb2 Nc6 4. Nf3 d6 5. d3 g6 6. Nbd2 Bg7 7. g3 Be6 8. Bg2 Qd7 9. O-O O-O 10. c3 b5 11. d4 exd4 12. cxd4 Bg4 13. Rc1 Rfe8 14. Qc2 Nb4 15. Qxc7 Qxc7 16. Rxc7 Nxa2 17. Ra1 Nb4 18. Raxa7 Rxa7 19. Rxa7 Nxe4 20. Nxe4 Rxe4 21. Ng5 Re1+ 22. Bf1 Be2 23. Rxf7 Bxf1 24. Kh1 Bh3# 0-1
Blitz tournament ,Evangelistaizac,kafune,1-0,2016.06.30,22:00:02,1647,1688,13,-13,B01,Scandinavian Defense: Mieses-Kotroc Variation,180+0,Time forfeit,1. e4 d5 2. exd5 Qxd5 3. Nf3 Bg4 4. Be2 Nf6 5. Nc3 Qd8 6. O-O Nc6 7. Bc4 e6 8. h3 Bh5 9. d3 Bd6 10. Bg5 Ne5 11. g4 Nxf3+ 12. Qxf3 Bg6 13. Bxf6 gxf6 14. h4 h5 15. gxh5 Bxh5 16. Qxb7 Bg4 17. Qc6+ Ke7 18. Rae1 Rxh4 19. Nd5+ Kf8 20. Nxf6 Qxf6 21. Qxa8+ Kg7 22. Qg2 Bh2+ 23. Qxh2 Rxh2 24. Kxh2 Qh4+ 25. Kg2 Qh3+ 26. Kg1 Qf3 27. Re3 Qf5 28. Rg3 Kf8 29. f3 Bh5 30. Rf2 Bg6 31. Rh2 1-0
Correspondence ,Jvayne,Wsjvayne,1-0,2016.06.30,22:00:02,1706,1317,27,-25,A00,Van't Kruijs Opening,-,Normal,1. e3 Nf6 2. Bc4 d6 3. e4 e6 4. Nf3 Nxe4 5. Nd4 Nxf2 6. Kxf2 Qh4+ 7. g3 Qxg3+ 8. Kxg3 d5 9. Bb5+ c6 10. Bf1 e5 11. Nf3 e4 12. Ne5 f6 13. Ng4 h5 14. Nf2 h4+ 15. Kf4 Bh3 16. Nxh3 g5+ 17. Nxg5 fxg5+ 18. Kxg5 Rh5+ 19. Qxh5+ Kd7 20. Qf7+ Kd6 21. Qxf8+ Kc7 22. Qf4+ Kb6 23. Qf2+ Kc7 24. Qf4+ Kc8 25. Bh3+ Kd8 26. Qd6+ Nd7 27. Bxd7 d4 28. d3 exd3 29. cxd3 b5 30. Kxh4 Rb8 31. Bg5# 1-0
Blitz tournament ,kyoday,BrettDale,0-1,2016.06.30,22:00:02,1945,1900,-14,13,B90,"Sicilian Defense: Najdorf, Lipnitsky Attack",180+0,Time forfeit,1. e4 c5 2. Nf3 d6 3. d4 cxd4 4. Nxd4 Nf6 5. Nc3 a6 6. Bc4 Qc7 7. Bb3 b5 8. O-O Bb7 9. Re1 Nbd7 10. Be3 g6 11. f3 Bg7 12. Qe2 O-O 13. Rad1 b4 14. Na4 a5 15. Qf2 Rfc8 16. Ne2 Qd8 17. Bb6 Qe8 18. Be3 Ra6 19. c4 Nh5 20. Ng3 Nxg3 21. hxg3 Bc6 22. Qd2 Be5 23. Kf2 Ba8 24. Bd4 Rac6 25. f4 Bf6 26. g4 Nc5 27. Nxc5 dxc5 28. Be3 e5 29. f5 Be7 30. Kf3 Rd6 31. Qe2 Rcd8 32. Rxd6 Rxd6 33. Rd1 Qd7 34. Rxd6 Qxd6 35. Qd1 Qf6 36. Qd7 Bc6 37. Qc8+ Kg7 38. g5 Qd6 39. f6+ Bxf6 40. gxf6+ Qxf6+ 41. Ke2 Bxe4 42. Qg4 Bf5 43. Qg5 Qd6 44. Qh6+ Kg8 45. Ba4 Qd3+ 46. Kf2 Be6 47. Qg5 Qf5+ 48. Qxf5 Bxf5 49. b3 Be6 50. Bc1 f5 51. a3 e4 52. axb4 axb4 0-1
Blitz tournament ,lucaseixasouza,diguim,0-1,2016.06.30,22:00:02,1773,1809,-10,10,C27,Vienna Game,180+0,Normal,1. e4 e5 2. Nc3 d6 3. Nf3 h6 4. Bc4 c6 5. b3 Qf6 6. Bb2 b5 7. Be2 Be6 8. d4 Be7 9. dxe5 dxe5 10. Qd2 Nd7 11. O-O-O Rd8 12. Bd3 a5 13. Ne2 b4 14. h4 g5 15. hxg5 hxg5 16. Rxh8 Qxh8 17. Nxg5 Bf8 18. Nxe6 fxe6 19. Qg5 Bh6 20. Qxh6 Qxh6+ 21. Kb1 Ngf6 22. g3 Ng4 23. f4 Ne3 24. Rd2 Nc5 25. Bxe5 Nxd3 26. Rxd3 Rxd3 27. cxd3 Qh1+ 28. Nc1 Qg2 29. Bd4 Qc2+ 30. Ka1 Nd1 31. Ne2 Qxe2 32. g4 Qxd3 33. Be5 Qxe4 34. g5 Ne3 35. g6 Qxg6 36. a4 Qg1+ 37. Kb2 Qf2+ 38. Ka1 Qe1+ 39. Kb2 Qd2+ 40. Ka1 Qc1+ 41. Ka2 Qc2+ 42. Bb2 Nd1 43. f5 Qxb2# 0-1
Blitz tournament ,RENZZO77,HeadlessChicken,0-1,2016.06.30,22:00:02,1895,1886,-12,12,B10,Caro-Kann Defense: Two Knights Attack,180+0,Time forfeit,1. e4 c6 2. Nf3 d5 3. Nc3 dxe4 4. Nxe4 Nf6 5. Nxf6+ exf6 6. Bc4 Nd7 7. h3 Nb6 8. Bb3 Bd6 9. O-O O-O 10. a3 a5 11. d3 a4 12. Ba2 Be6 13. c4 Be7 14. Be3 Nd7 15. d4 Bf5 16. Nh4 Be4 17. f3 Bg6 18. Nxg6 hxg6 19. Qe2 Re8 20. Qf2 Bf8 21. Rad1 Nb6 22. Bf4 Nc8 23. d5 c5 24. Rfe1 Rxe1+ 25. Rxe1 Nd6 26. Qxc5 Nf5 27. Qc7 Qxc7 28. Bxc7 Bc5+ 29. Kh2 Bd4 30. g4 Nh4 31. Rf1 Bxb2 32. Bg3 g5 33. Bxh4 gxh4 34. Re1 Bxa3 35. Rb1 Ra7 36. Rb6 Bc5 37. Rb5 b6 38. Rb1 a3 39. Re1 g5 40. Re8+ Kg7 41. Kg2 Re7 42. Rxe7 Bxe7 43. Kf2 Bc5+ 44. Ke2 Kg6 45. Kd3 f5 46. Bb3 fxg4 47. fxg4 Kf6 48. Ke4 Bf2 49. d6 Bc5 50. Kd5 a2 51. Bxa2 Kg7 52. d7 Be7 53. Kc6 Kf6 54. Kxb6 Ke6 55. Kc7 f5 56. gxf5+ Kxf5 57. c5 Kf4 58. c6 Kg3 59. d8=Q Bxd8+ 60. Kxd8 Kxh3 61. c7 g4 62. c8=Q Kg3 63. Be6 h3 64. Bxg4 h2 0-1
Blitz tournament ,ipero,Bayern123,1-0,2016.06.30,22:00:02,2155,2356,20,-20,D02,Queen's Pawn Game: London System,180+0,Normal,1. d4 d5 2. Nf3 Nf6 3. Bf4 c6 4. e3 Bg4 5. Be2 Nbd7 6. O-O e6 7. Nbd2 Be7 8. h3 Bh5 9. Ne5 Bxe2 10. Qxe2 Nxe5 11. Bxe5 O-O 12. c4 Nd7 13. Bg3 a6 14. a3 b5 15. cxd5 cxd5 16. Nb3 Nb6 17. Nc5 Nc4 18. b3 Nb6 19. Rac1 Ra7 20. Qd2 Bd6 21. Bxd6 Qxd6 22. Qa5 Rfa8 23. f3 Nd7 24. Nd3 e5 25. dxe5 Nxe5 26. Nxe5 Qxe5 27. Qb6 h5 28. Rfe1 h4 29. Rc6 Re7 30. Qc5 Rae8 31. Rc8 Qg5 32. f4 Qg3 33. Re2 Rxc8 34. Qxc8+ Kh7 35. Qg4 Qxg4 36. hxg4 f6 37. Kf2 g5 38. f5 Kg7 39. Kf3 Rc7 40. Rd2 Rc3 41. Rxd5 Rxb3 42. a4 bxa4 43. Ra5 a3 44. Rxa6 Rc3 45. Ke4 Rc2 46. Rxa3 Rxg2 47. Ra7+ Kf8 48. Kd5 Re2 49. e4 h3 50. Ke6 Rxe4+ 51. Kxf6 Ke8 52. Rh7 Rxg4 53. Rxh3 Kd7 54. Re3 Rg1 55. Re7+ Kd6 56. Rg7 g4 57. Rg5 g3 58. Kg7 g2 59. f6 Ke6 60. f7 Rf1 61. Rg6+ Ke7 62. Rxg2 Rxf7+ 63. Kg6 Rf6+ 64. Kg5 Rf7 65. Kh6 Kf8 66. Rc2 Ke7 67. Rc7+ Kf6 68. Rc6+ Ke7 69. Kg6 Kf8 70. Rc8+ Ke7 71. Rc7+ 1-0
Blitz tournament ,Loginov19510410,Kereshu,0-1,2016.06.30,22:00:02,2010,2111,-9,9,A45,Indian Game,300+0,Normal,1. d4 Nf6 2. Bf4 e6 3. e3 d5 4. Nf3 h6 5. Bd3 Bd6 6. Ne5 a6 7. Nd2 c5 8. c3 Qc7 9. O-O Nbd7 10. Ndf3 O-O 11. Rc1 Nh5 12. Nxd7 Bxd7 13. Ne5 Nxf4 14. exf4 Be8 15. Bb1 Rc8 16. Qd3 f5 17. g4 Bxe5 18. fxe5 Bg6 19. Qg3 Qf7 20. gxf5 Bxf5 21. f4 cxd4 22. Bxf5 Qxf5 23. cxd4 Rxc1 24. Rxc1 Qxf4 25. Qxf4 Rxf4 26. Rc7 Rf7 27. Rc8+ Kh7 28. Re8 Rf4 29. Rxe6 Rxd4 30. Re7 Rd1+ 31. Kf2 Rd2+ 32. Ke3 Rxb2 33. Rd7 Rb1 34. Rxd5 Kg6 35. e6 Kf6 36. Rd6 Re1+ 37. Kf4 Rxe6 38. Rd7 Rb6 39. Rd4 a5 40. a4 Rb4 41. Rxb4 axb4 42. Ke4 g5 43. Kd4 h5 44. Kc4 g4 45. Kxb4 h4 46. Kb5 g3 47. hxg3 hxg3 48. Kb6 g2 49. Kxb7 g1=Q 50. a5 Qb1+ 51. Ka7 Qb5 52. a6 Ke6 53. Ka8 Qxa6+ 54. Kb8 Qc6 55. Ka7 Qb5 56. Ka8 Kd7 0-1
Blitz tournament ,Shambobala,cernunnoss,1-0,2016.06.30,22:00:02,1764,1773,12,-12,B01,Scandinavian Defense: Mieses-Kotroc Variation,180+0,Time forfeit,1. e4 d5 2. exd5 Qxd5 3. Nf3 Nf6 4. Be2 c6 5. O-O g6 6. d4 Bg7 7. c4 Qd8 8. Be3 O-O 9. Nc3 Nbd7 10. Qd2 b6 11. Rac1 Bb7 12. Rfd1 e6 13. b4 Rc8 14. a4 Qe7 15. c5 a5 16. bxa5 bxa5 17. Rb1 Ba8 18. Bh6 Rfd8 19. Bxg7 Kxg7 20. Rb3 Nxc5 21. Rb6 Nce4 22. Nxe4 Nxe4 23. Qb2 c5 24. dxc5+ Kg8 25. Rxd8+ Rxd8 26. h3 Qxc5 27. Rb8 Qxf2+ 28. Kh2 Qg3+ 29. Kg1 Rxb8 30. Bb5 Bd5 31. Ne5 Qe3+ 32. Kh2 Qf4+ 33. Kh1 Nf2+ 34. Kg1 Rc8 35. Nd3 Nxd3 36. Bxd3 Rc1+ 37. Qxc1 Qxc1+ 38. Kh2 Qf4+ 39. Kg1 Qc1+ 40. Kf2 Qd2+ 41. Kg3 Qxd3+ 42. Kh2 Qd1 43. Kg3 1-0
Classical ,DARDELU,chess4life54,0-1,2016.06.30,22:00:01,1649,1638,-13,11,C57,"Italian Game: Two Knights Defense, Traxler Counterattack, Knight Sacrifice Line",900+3,Normal,1. e4 e5 2. Nf3 Nc6 3. Bc4 Nf6 4. Ng5 Bc5 5. Nxf7 Bxf2+ 6. Kxf2 Nxe4+ 7. Kg1 Qh4 8. Qf3 Nd4 9. Qf1 Rf8 10. g3 Nxg3 11. hxg3 Qxg3+ 12. Qg2 Qxg2+ 13. Kxg2 Nxc2 14. d3 Rxf7 15. Bg5 Nxa1 16. Bxf7+ Kxf7 17. Rf1+ Kg6 18. Bd2 Nc2 19. Nc3 b6 20. Nd5 Bb7 21. Rg1 Bxd5+ 22. Kf2+ 0-1
Classical ,fabikim,sereno,1-0,2016.06.30,22:00:02,1630,1500,7,-7,C41,Philidor Defense #3,420+5,Normal,1. e4 e5 2. Nf3 d6 3. Bc4 Nc6 4. d3 Na5 5. Na3 Nxc4 6. Nxc4 a6 7. Ng5 h6 8. Nf3 Be6 9. Ne3 Be7 10. h3 Bg5 11. O-O Ne7 12. Nxg5 hxg5 13. Qf3 Qd7 14. g4 g6 15. c3 f5 16. exf5 gxf5 17. d4 fxg4 18. hxg4 Bxg4 19. Nxg4 O-O-O 20. Bxg5 Qf5 21. Qxf5+ Nxf5 22. Bxd8 Kxd8 23. Kg2 Rg8 24. Kf3 exd4 25. cxd4 Nxd4+ 26. Kf4 Ne2+ 27. Ke3 Re8+ 28. Kf3 Nd4+ 29. Kg3 Nf5+ 30. Kf4 Nh4 31. Rg1 Rf8+ 32. Kg3 Nf5+ 33. Kh2 Nd4 34. Rg3 Rxf2+ 35. Nxf2 1-0
Blitz tournament ,IZDenisZI,BoBo93,1-0,2016.06.30,22:00:02,1833,1837,11,-12,C36,"King's Gambit Accepted, Modern Defense",300+0,Normal,1. e4 e5 2. f4 exf4 3. Nf3 d5 4. e5 f6 5. d4 fxe5 6. Nxe5 Bd6 7. Qh5+ g6 8. Nxg6 hxg6 9. Qxh8 Qe7+ 10. Be2 Bg4 11. Qxg8+ Kd7 12. Nc3 Bb4 13. Qxd5+ Ke8 14. O-O Bxe2 15. Nxe2 Nc6 16. Qg8+ Qf8 17. Qxf8+ Kxf8 18. Bxf4 Kg7 19. Be5+ Kh6 20. c3 Be7 21. Ng3 Re8 22. Rf7 Nxe5 23. dxe5 Bc5+ 24. Kh1 Rxe5 25. h3 Bd6 26. Raf1 Rb5 27. Ne4 Rxb2 28. Nxd6 cxd6 29. Rd1 Rxa2 30. Rxb7 Ra3 31. Rc7 Ra6 32. Rd7 Rc6 33. R7xd6 Rxc3 34. Ra6 Rc7 35. Rda1 Rc5 36. Rxa7 Rg5 37. R7a5 Rg3 38. R1a3 Rxa3 39. Rxa3 Kg5 40. Kh2 Kf4 41. Rf3+ Kg5 42. Kg3 Kh5 43. Rf8 Kg5 44. h4+ Kh6 45. Kg4 Kg7 46. Ra8 Kh7 47. g3 Kh6 48. Ra6 Kg7 49. Kg5 Kf7 50. Rxg6 Ke7 51. h5 Kd7 52. h6 1-0
Blitz tournament ,lasha-fero,ildivinojohnny,1-0,2016.06.30,22:00:02,2020,1979,10,-11,A00,Polish Opening,180+0,Time forfeit,1. b4 e6 2. Bb2 d5 3. Nf3 Nf6 4. b5 Be7 5. e3 O-O 6. a4 c5 7. Be2 b6 8. O-O Bb7 9. d3 Nbd7 10. c4 Rc8 11. Ne5 Nxe5 12. Bxe5 Nd7 13. Bb2 Bf6 14. Qc2 Bxb2 15. Qxb2 Qf6 16. Qxf6 Nxf6 17. Bf3 Rc7 18. Nd2 Rd8 19. Rfd1 d4 20. Bxb7 Rxb7 21. e4 Nd7 22. f4 e5 23. f5 Nf6 24. h3 Nh5 25. Nf3 f6 26. Kf2 Nf4 27. h4 g6 28. g3 Nh5 29. g4 Nf4 30. a5 Kf7 31. axb6 axb6 32. g5 gxf5 33. gxf6 Kxf6 34. exf5 Kxf5 35. Ra3 Rdd7 36. Rg1 Ra7 37. Rg5+ Kf6 38. Rxa7 Rxa7 39. Nxe5 Ra2+ 40. Kg3 Ne6 41. Ng4+ Kf7 42. Rh5 Kg7 43. Re5 Nf8 44. Rd5 Rd2 45. Ne5 Re2 46. Kf4 Rf2+ 47. Nf3 Rd2 48. Ke4 Re2+ 49. Kf5 Re7 50. Ne5 Ng6 51. Nxg6 hxg6+ 52. Kg5 Re3 53. Rd6 Rxd3 54. Rxg6+ Kf7 55. h5 Rg3+ 56. Kf4 Rxg6 57. hxg6+ Kxg6 58. Ke4 Kf6 59. Kd3 Ke6 60. Kc2 Kd6 61. Kd2 Ke5 62. Kd3 1-0
Blitz tournament ,arkadyNa,sofianet06,0-1,2016.06.30,22:00:02,1581,1616,-12,11,B01,Scandinavian Defense: Mieses-Kotroc Variation,180+0,Time forfeit,1. e4 d5 2. exd5 Qxd5 3. d4 Qa5+ 4. Bd2 Qb6 5. c4 Bd7 6. Nf3 Nf6 7. Bc3 e6 8. Bd3 Bb4 9. O-O Bxc3 10. Nxc3 O-O 11. Qc2 h6 12. Ne4 Nxe4 13. Bxe4 Bc6 14. b3 f5 15. Bd3 Bxf3 16. gxf3 Qxd4 17. Rae1 Qf6 18. Re3 Nc6 19. Rfe1 e5 20. Bf1 Nd4 21. Qc3 Qg5+ 22. Bg2 Rae8 23. Rxe5 Rxe5 24. Rxe5 Nxf3+ 25. Qxf3 Qc1+ 26. Bf1 Qg5+ 27. Kh1 Rd8 28. Qxb7 Rd1 29. Qg2 Qxg2+ 30. Kxg2 Rd2 31. Rc5 Rxa2 0-1
Blitz tournament ,mayconchess,trend19,0-1,2016.06.30,22:00:02,1879,1868,-13,12,B01,Scandinavian Defense: Main Line,180+0,Normal,1. e4 d5 2. exd5 Qxd5 3. Nc3 Qa5 4. Nf3 c6 5. Be2 Bg4 6. O-O e6 7. Ne4 Nd7 8. d4 Ngf6 9. Neg5 h6 10. Nh3 O-O-O 11. Nf4 Bd6 12. Nd3 Qc7 13. c4 h5 14. h3 Bxf3 15. Bxf3 Ng4 16. c5 Bxc5 17. Nxc5 Qh2# 0-1
Blitz tournament ,lj1983,plmnnnn,1-0,2016.06.30,22:00:02,1963,1979,12,-13,B10,Caro-Kann Defense: Two Knights Attack,180+0,Normal,1. e4 c6 2. Nf3 d5 3. Nc3 g6 4. d3 Bg7 5. Be2 Nf6 6. O-O dxe4 7. dxe4 Qxd1 8. Rxd1 O-O 9. h3 h6 10. Nh2 Be6 11. f4 b5 12. f5 Bc4 13. Bxc4 bxc4 14. Ng4 Nxg4 15. hxg4 gxf5 16. gxf5 Na6 17. Be3 Nb4 18. Bc5 Nxc2 19. Rac1 Rfd8 20. Rxd8+ Rxd8 21. Rxc2 1-0
Blitz tournament ,Inorem,leymoral,1-0,2016.06.30,22:00:02,1751,1712,10,-10,C62,Ruy Lopez: Steinitz Defense,180+0,Normal,1. e4 e5 2. Nf3 Nc6 3. Bb5 d6 4. d4 Bd7 5. dxe5 Nxe5 6. Bxd7+ Nxd7 7. O-O Qe7 8. Nc3 O-O-O 9. Be3 Kb8 10. Qd4 c5 11. Qd3 Ne5 12. Nxe5 Qxe5 13. Rfe1 Nf6 14. a3 Ng4 15. b4 Qxh2+ 16. Kf1 Qe5 17. bxc5 Be7 18. c6 b6 19. Nd5 Rc8 20. Qb5 Nxe3+ 21. fxe3 Qxe4 22. a4 Bh4 23. Re2 Qf5+ 24. Kg1 Rhe8 25. a5 Re5 26. axb6 Rxd5 27. bxa7+ Ka8 28. Qb7# 1-0
Blitz tournament ,Torres2300,Trabelsi-Wajdi,0-1,2016.06.30,22:00:02,1795,1800,-14,11,B32,Sicilian Defense: Franco-Sicilian Variation,300+0,Normal,1. e4 c5 2. Nf3 e6 3. d4 Nc6 4. d5 Nb4 5. c3 Na6 6. Bxa6 bxa6 7. O-O d6 8. Re1 e5 9. Qa4+ Bd7 10. Qxa6 Nf6 11. Na3 Be7 12. Nb5 Kf8 13. Nxd6 Bxd6 14. Qxd6+ Qe7 15. Qxe7+ Kxe7 16. Bg5 h6 17. Bh4 g5 18. Bg3 Rhe8 19. Nxe5 Nh5 20. Nxd7 Kxd7 21. Rad1 Rab8 22. b3 Rb6 23. e5 Ng7 24. c4 Nf5 25. f4 Nxg3 26. hxg3 gxf4 27. gxf4 a5 28. Kf2 a4 29. Rd3 axb3 30. axb3 Reb8 31. Ree3 Ra6 32. g4 Rg8 33. Kg3 h5 34. g5 Ra1 35. Kg2 h4 36. e6+ fxe6 37. dxe6+ Ke8 38. f5 Rxg5+ 39. Kh3 Rh1# 0-1
Blitz tournament ,Igor76,dancg,1-0,2016.06.30,22:00:02,1913,1925,11,-13,B12,"Caro-Kann Defense: Advance Variation, Bayonet Attack",300+0,Normal,1. e4 c6 2. d4 d5 3. e5 Bf5 4. g4 Bd7 5. f4 e6 6. Nf3 c5 7. c3 Nc6 8. Na3 cxd4 9. cxd4 Bxa3 10. bxa3 Qa5+ 11. Kf2 Qd8 12. Bd3 Nge7 13. Rb1 Qc8 14. a4 a6 15. Ba3 Ng6 16. Kg3 Rb8 17. Bd6 Ra8 18. Qb3 Nd8 19. Rhc1 Nc6 20. Qxb7 Qxb7 21. Rxb7 Nge7 22. Rcb1 Bc8 23. Rc7 Kd8 24. Ng5 Rf8 25. Nxh7 Rh8 26. Ng5 Rf8 27. Nf3 g6 28. Rb6 Bd7 29. Bxa6 Nc8 30. Bxc8 Rxc8 31. Rxc8+ Kxc8 32. Bxf8 1-0
Blitz tournament ,yoyoparker,philastro110,1-0,2016.06.30,22:00:02,1707,1739,13,-12,B01,Scandinavian Defense,300+0,Normal,1. e4 d5 2. e5 Bf5 3. d4 e6 4. Nc3 Nc6 5. Nf3 Nge7 6. Bb5 Qd7 7. Bg5 h6 8. Bxe7 Bxe7 9. Bxc6 Qxc6 10. O-O O-O 11. Qe2 a6 12. Rac1 b5 13. a3 Rab8 14. Na2 Bg5 15. Nxg5 hxg5 16. c3 g6 17. Qe3 g4 18. Nb4 Qb6 19. Nd3 Kg7 20. Nc5 Qc6 21. Qg5 Rh8 22. Qf6+ Kg8 23. b4 Ra8 24. f4 Qe8 25. g3 Qd8 26. Rf2 Qxf6 27. exf6 Kf8 28. Nd7+ Ke8 29. Ne5 Rh7 30. Nc6 Kd7 31. Ne5+ Kd6 32. Ra1 a5 33. bxa5 Rxa5 34. Rb2 c6 35. Rb4 Kc7 36. a4 Kb6 37. Nd7+ Ka6 38. Nc5+ Kb6 39. Rab1 Kc7 40. axb5 Bxb1 41. b6+ Kb8 42. Nd7+ Kb7 43. Nc5+ Kb8 44. b7 Rxc5 45. dxc5 Bd3 46. Rb6 Bb5 47. Kg2 Rh8 48. Kg1 Rd8 49. Kg2 Rd7 50. h3 gxh3+ 51. Kxh3 Rxb7 52. Rxb7+ Kxb7 53. Kg4 Kc7 54. Kg5 Bd3 55. Kh6 Kd7 56. Kg7 Ke8 57. Kh6 Bf5 58. Kg5 Be4 59. g4 Bg2 60. f5 e5 61. fxg6 e4 62. g7 1-0
Blitz tournament ,Axel15l,cavaleirobranco,1/2-1/2,2016.06.30,22:00:02,1512,1570,6,-2,C62,Ruy Lopez: Steinitz Defense,300+0,Normal,1. e4 e5 2. Nf3 Nc6 3. Bb5 d6 4. Bxc6+ bxc6 5. d4 exd4 6. Nxd4 Bb7 7. Nc3 c5 8. Nb3 Nf6 9. Bg5 h6 10. Bxf6 Qxf6 11. Qf3 Qxf3 12. gxf3 Be7 13. O-O-O Bf6 14. Nb5 O-O 15. Nxc7 Rab8 16. Nd5 Bxd5 17. Rxd5 Be5 18. h3 a5 19. c3 a4 20. Na5 a3 21. Nc4 axb2+ 22. Nxb2 Bxc3 23. Nc4 Ra8 24. Kc2 Bd4 25. a3 Bxf2 26. Rxd6 Ra4 27. Kb3 Ra7 28. Rh2 Bd4 29. f4 Rb8+ 30. Ka2 Ra4 31. Rc2 Rxc4 32. Rxc4 Rb2+ 33. Ka1 Rc2+ 34. Rcxd4 cxd4 35. Rxd4 Rc3 36. Rd8+ Kh7 37. h4 Rxa3+ 38. Kb2 Rh3 39. e5 Rxh4 40. f5 Re4 41. Re8 h5 42. Kc3 h4 43. Kd3 Re1 44. Kd2 Re4 45. Kd3 Re1 46. Kd2 Re4 47. Kd3 1/2-1/2
Blitz tournament ,Andique,machiine,1-0,2016.06.30,22:00:02,1816,1815,11,-10,B41,"Sicilian Defense: Kan Variation, Maroczy Bind, Reti Variation",300+0,Normal,1. e4 c5 2. Nf3 e6 3. d4 cxd4 4. Nxd4 a6 5. c4 Qc7 6. Bd3 Nf6 7. Nc3 Bc5 8. Nde2 O-O 9. O-O Nc6 10. Bf4 d6 11. Bg3 Rd8 12. Qd2 Ne5 13. Bc2 Nxc4 14. Qg5 Ne5 15. Kh1 h6 16. Qd2 b5 17. f4 Nc4 18. Qc1 Ne3 19. Rf3 Nxc2 20. Qxc2 Bb7 21. f5 e5 22. Bh4 Rd7 23. Bxf6 gxf6 24. Qd2 Kh7 25. Rh3 1-0
Classical tournament ,DORLISS,Ar1551,0-1,2016.06.30,22:00:02,1891,1930,-11,13,C78,"Ruy Lopez: Morphy Defense, Arkhangelsk Variation",600+0,Time forfeit,1. e4 e5 2. Nf3 Nc6 3. Bb5 a6 4. Ba4 Nf6 5. O-O b5 6. Bb3 Bb7 7. Re1 d6 8. c3 Na5 9. Bc2 Be7 10. d4 exd4 11. cxd4 O-O 12. Nbd2 c5 13. d5 h6 14. Nf1 Nc4 15. Ng3 Nd7 16. Nf5 Bf6 17. Rb1 Nde5 18. b3 Nxf3+ 19. Qxf3 Ne5 20. Qh5 Bg5 21. Bxg5 Qxg5 22. Qxg5 hxg5 23. Nxd6 Rab8 24. Re3 Rfd8 25. Nxb7 Rxb7 26. Rg3 f6 27. a4 bxa4 28. bxa4 Rxb1+ 29. Bxb1 Rb8 30. Bc2 Rb2 31. Rc3 Ra2 32. h3 c4 33. Kh2 Kf7 34. Bd1 Rxf2 35. Bg4 Nxg4+ 36. hxg4 Rf4 37. Rxc4 Rxg4 38. Rc7+ Kf8 39. Rc8+ Ke7 40. Rc7+ Kd6 41. Rxg7 Rxe4 42. Rg6 Ke5 43. Rg8 Kxd5 44. Rd8+ Ke5 45. Re8+ Kf5 46. Rxe4 Kxe4 0-1
Classical tournament ,chessmaster7,ComaLaDama,0-1,2016.06.30,22:00:02,1747,1731,-13,19,C46,Three Knights Opening #2,600+0,Normal,1. e4 e5 2. Nf3 Nc6 3. Nc3 Bb4 4. a3 Ba5 5. b4 Bb6 6. Bb2 Nf6 7. h3 d6 8. Bc4 O-O 9. O-O Nd4 10. d3 c6 11. Na4 Nxf3+ 12. Qxf3 Bc7 13. Qg3 b5 14. Bxb5 cxb5 15. Nc3 a6 16. f4 Nh5 17. Qf3 Nxf4 18. Rad1 Bb6+ 19. Kh2 Bd4 20. Rb1 Bb7 21. g3 Ng6 22. Ba1 f5 23. Qg2 f4 24. gxf4 Nxf4 25. Qg4 Bc8 26. Qg3 Nxh3 27. Nd5 Bxa1 28. Rxa1 Nf4 29. Rg1 Ng6 30. Rg2 Be6 31. Ne3 Qe7 32. Rag1 Rf4 33. Nd1 Rh4+ 0-1
Bullet tournament ,fay13011,Whitekid2000,1-0,2016.06.30,22:00:02,1682,1739,14,-19,B07,Pirc Defense #4,60+0,Time forfeit,1. e4 d6 2. Nf3 Nf6 3. Nc3 Bg4 4. d4 e6 5. h3 Bh5 6. Qd3 Bg6 7. Qe3 Nbd7 8. Bd3 e5 9. d5 Be7 10. a3 c6 11. Bd2 c5 12. Bb5 b6 13. Bc6 Rc8 14. b4 O-O 15. b5 Nb8 16. a4 Nxc6 17. bxc6 a6 18. a5 b5 19. Ne2 Qc7 20. O-O Bd8 21. Rfc1 Nxe4 22. Ng3 Nxd2 23. Qxd2 h6 24. Nf1 e4 25. N3h2 Bg5 26. Ne3 f5 27. Qe1 f4 28. Neg4 f3 29. g3 Bxc1 30. Rxc1 Bf7 31. Ne3 Rfe8 32. c4 b4 33. Rb1 Qxa5 34. Qd2 Qa4 35. Qc2 Qxc2 36. Nxc2 a5 37. Ne3 a4 38. Nhg4 b3 39. Nxh6+ gxh6 40. g4 a3 41. h4 Kh7 42. g5 1-0
Bullet tournament ,sztachalom,MrKit,0-1,2016.06.30,22:00:02,2149,2047,-15,16,B07,Pirc Defense,60+0,Normal,1. e4 d6 2. d4 Nf6 3. Bd3 g6 4. h4 c5 5. h5 Nxh5 6. Rxh5 gxh5 7. dxc5 Qa5+ 8. Nc3 Qxc5 9. Be3 Qb4 10. Qd2 Nc6 11. a3 Qa5 12. b4 Qd8 13. Nf3 Bg4 14. Ng5 Bg7 15. Nxf7 Kxf7 16. Bc4+ e6 17. Bh6 Qf6 18. Bf4 Rad8 19. e5 Nxe5 20. Bb3 Rhe8 21. Ne4 Qg6 22. Ng5+ Kg8 23. f3 Bxf3 24. gxf3 Qxg5 25. Bxg5 Nxf3+ 26. Kd1 Nxd2 27. Bxd2 d5 28. c3 Rc8 29. Kc2 Rf8 30. Re1 Rf2 31. Rxe6 Rxc3+ 32. Kd1 Rxb3 33. Re8+ Kf7 34. Re2 Rb1+ 35. Kc2 Rxe2 36. Kxb1 Rxd2 37. b5 Rd4 38. Kc1 b6 39. Kb2 h4 40. Kb3 h3 41. a4 h2 42. a5 bxa5 43. b6 axb6 44. Kc3 h1=Q 45. Kb3 Qh3+ 46. Kc2 Rg4 47. Kd1 Rg2 48. Ke1 Qh1# 0-1
Blitz tournament ,memellow,bogazmuhammet,1-0,2016.06.30,22:00:02,1604,1604,11,-13,C00,French Defense: Knight Variation,300+0,Time forfeit,1. e4 e6 2. Nf3 d5 3. d3 dxe4 4. dxe4 Qxd1+ 5. Kxd1 Nc6 6. Nc3 Bd7 7. Be3 Bd6 8. Ke2 Nge7 9. Rd1 O-O-O 10. Nd4 Nxd4+ 11. Bxd4 Rhg8 12. f3 Nc6 13. Be3 e5 14. Kf2 f5 15. exf5 Bxf5 16. Bc4 Rgf8 17. Nd5 e4 18. Bb5 exf3 19. gxf3 Be4 20. Bxc6 Rxf3+ 21. Ke2 bxc6 22. Nc3 Rxe3+ 23. Kxe3 Bxh1 24. Rxh1 Bc5+ 25. Ke4 Re8+ 26. Kf5 g6+ 27. Kf6 Bd4+ 28. Kf7 Kd7 29. Rd1 Re7+ 30. Kg8 c5 31. Nb5 Ke8 32. Nxd4 cxd4 33. Rxd4 c6 34. Rc4 Rc7 35. h4 a5 36. a4 Kd7 37. Kxh7 Kd6+ 38. Kxg6 Kd5 39. Rf4 c5 40. h5 Ke5 41. Rg4 Rc6+ 42. Kf7 Rh6 43. Rg5+ Kd6 44. Kg7 Re6 45. h6 Re7+ 46. Kg6 Re6+ 47. Kg7 Re7+ 48. Kg8 1-0
Bullet tournament ,Pablo_M,Scala,1-0,2016.06.30,22:00:02,1619,1540,9,-9,B01,Scandinavian Defense,60+0,Normal,1. e4 d5 2. Nc3 d4 3. Nd5 c5 4. Bc4 e6 5. Nf4 e5 6. Qh5 Qe7 7. Nd5 Qd7 8. d3 Ne7 9. Nxe7 Qxe7 10. Bg5 Qd7 11. f4 exf4 12. Nf3 g6 13. Qh4 Bg7 14. O-O O-O 15. Rae1 Qe8 16. e5 Be6 17. Bxe6 Qxe6 18. Bf6 Nd7 19. Bxg7 Kxg7 20. Ng5 h6 21. Nxe6+ fxe6 22. Rxf4 Rxf4 23. Qxf4 Rf8 24. Qg3 Nb6 25. Rf1 Re8 26. Qf4 Nd7 27. Qf7+ Kh8 28. Qxe8+ Kg7 29. Rf7# 1-0
Classical tournament ,avances123,sakilaharshad,1-0,2016.06.30,22:00:02,1624,1614,11,-16,C42,Russian Game: Classical Attack,600+0,Normal,1. e4 e5 2. Nf3 Nf6 3. Nxe5 d6 4. Nf3 Nxe4 5. d4 d5 6. c4 c6 7. Bd3 Bd6 8. c5 Bc7 9. Qe2 O-O 10. O-O f5 11. Nbd2 Qe8 12. Re1 h6 13. b4 a6 14. Bb2 Nd7 15. a4 g5 16. b5 axb5 17. axb5 Rxa1 18. Bxa1 Qh5 19. b6 Bb8 20. Bb2 g4 21. Ne5 Bxe5 22. dxe5 Ndxc5 23. Nxe4 fxe4 24. Bc2 Ne6 25. g3 Ng5 26. Bd1 Nf3+ 27. Kh1 1-0
Bullet tournament ,Joaozinho,poopyhead,0-1,2016.06.30,22:00:02,1881,1861,-14,29,B32,Sicilian Defense: Open #3,60+0,Time forfeit,1. d4 c5 2. e4 cxd4 3. Nf3 Nc6 4. Nxd4 Nxd4 5. Qxd4 e6 6. Nc3 Qb6 7. Be3 Qxd4 8. Bxd4 f6 9. Bc4 Ne7 10. O-O-O Nc6 11. Be3 Ne5 12. Bb3 Ng4 13. Bd4 Bb4 14. h3 Nh6 15. a3 Ba5 16. Nb5 O-O 17. Nd6 Kh8 18. g4 Bc7 19. Bc5 b6 20. Bb4 a5 21. Nxc8 Bf4+ 22. Bd2 Bxd2+ 23. Rxd2 Raxc8 24. Rxd7 Rfd8 25. Rhd1 Rxd7 26. Rxd7 Rf8 27. Ba4 Nf7 28. Re7 g6 29. Rb7 Kg7 30. Kb1 Kh6 31. Ka2 Kg5 32. Rxb6 Kf4 33. Rb5 Kf3 34. Rxa5 Kxf2 35. Rb5 Kf3 36. Rb3+ Kxe4 37. Rb4+ Kf3 0-1
Blitz tournament ,TheDPmaster,Supercerebraco,0-1,2016.06.30,22:00:02,1753,1744,-59,10,B02,Alekhine Defense: Scandinavian Variation,300+0,Normal,1. e4 Nf6 2. Nc3 d5 3. e5 d4 4. exf6 dxc3 5. fxg7 cxd2+ 6. Bxd2 Bxg7 7. c3 Bf5 8. Nf3 Nc6 9. Bb5 Qd6 10. O-O O-O-O 11. Be3 Kb8 12. Qb3 Be6 13. c4 Ne5 14. Rfd1 Nxf3+ 15. gxf3 Qe5 16. Ba6 b6 17. Qa4 Bf6 18. Qc6 Rhg8+ 19. Kh1 Bc8 20. Bb5 Bb7 0-1
Blitz tournament ,Ramonoide,NeRi,0-1,2016.06.30,22:00:02,1839,1852,-11,12,C00,French Defense: Chigorin Variation,300+0,Normal,1. e4 e6 2. Qe2 Be7 3. Nf3 d5 4. exd5 exd5 5. d4 Nf6 6. g3 O-O 7. Bg2 Re8 8. O-O c5 9. c3 Nc6 10. Bf4 Bf5 11. Na3 a6 12. Ne5 Qb6 13. Rfe1 cxd4 14. cxd4 Nxd4 15. Qd2 Bb4 16. Qe3 Bxe1 17. Rxe1 Qxb2 18. f3 Nc2 19. Re2 Qa1+ 20. Kf2 Nxe3 0-1
Classical tournament ,noob747,AlexandreIII,1-0,2016.06.30,22:00:02,1408,1405,14,-12,C00,French Defense: Normal Variation,600+0,Normal,1. e4 e6 2. d4 b6 3. Nc3 Bb4 4. Bd2 Bb7 5. Bd3 Be7 6. Qg4 g6 7. Nf3 h5 8. Qf4 g5 9. Nxg5 Bxg5 10. Qxg5 f6 11. Qg7 Nc6 12. e5 Nxd4 13. Bg6# 1-0
Blitz tournament ,wesley1729,tolia,0-1,2016.06.30,22:00:02,1876,1897,-11,10,C64,Ruy Lopez: Classical Variation,300+0,Normal,1. e4 e5 2. Nf3 Nc6 3. Bb5 Bc5 4. O-O d6 5. d4 exd4 6. Bc4 Bg4 7. h3 Bxf3 8. Qxf3 Qf6 9. Qxf6 Nxf6 10. Bg5 Ne5 11. Bxf6 gxf6 12. Bb5+ c6 13. Be2 Rg8 14. Nd2 Bb6 15. Rad1 c5 16. Nc4 Ke7 17. Nxb6 axb6 18. a3 Ke6 19. Bb5 f5 20. f4 Ng6 21. Bc4+ Kf6 22. Bd5 Ra7 23. e5+ dxe5 24. fxe5+ Kxe5 25. Bxf7 Rf8 26. Rde1+ Kd6 27. Bc4 Ne5 28. Bb3 Raa8 29. Ba2 Rae8 30. b4 f4 31. Bb1 f3 32. bxc5+ bxc5 33. Rf2 fxg2 34. Kxg2 Rxf2+ 35. Kxf2 Rf8+ 36. Kg2 Rg8+ 37. Kf2 h6 38. Ba2 Rg5 39. a4 c4 40. h4 Rg4 41. h5 Rh4 42. Kg3 Rxh5 43. Rf1 d3 44. cxd3 cxd3 45. Rf6+ Kc5 46. Rf7 d2 47. Rf1 Kd4 48. Rd1 Kc3 49. Bb1 Nd3 50. Bxd3 Kxd3 51. Kf2 Kc2 52. Rxd2+ Kxd2 53. a5 Rxa5 54. Kg3 b5 55. Kf2 b4 56. Kg3 b3 57. Kh4 Rg5 58. Kh3 b2 59. Kh4 b1=R 60. Kh3 Rh1# 0-1
Blitz tournament ,sznorby87,gpoly,1-0,2016.06.30,22:00:02,1412,1488,18,-17,B00,King's Pawn,300+0,Abandoned,1. e4 1-0
Bullet tournament ,SlipknotSoaD,fight27,0-1,2016.06.30,22:00:02,1886,1928,-10,10,B07,Pirc Defense: Roscher Gambit,60+0,Time forfeit,1. e4 d6 2. Nf3 Nf6 3. d4 g6 4. e5 dxe5 5. dxe5 Qxd1+ 6. Kxd1 Nfd7 7. Bb5 c6 8. Bc4 Bg7 9. Ke2 Nxe5 10. Nxe5 Bxe5 11. Nc3 O-O 12. Be3 Bf5 13. Rac1 Nd7 14. Rhd1 Rad8 15. f3 Nf6 16. g4 Bd7 17. g5 Ne8 18. f4 Bg7 19. h4 Nd6 20. Bb3 Nf5 21. Ne4 b6 22. c3 c5 23. Bc2 Bc6 24. Nf2 Ng3+ 25. Ke1 Rxd1+ 26. Rxd1 Bf3 27. Rd7 Nf5 28. Rxa7 Nxe3 29. Bb3 Rd8 30. Nh3 c4 31. Bxc4 Nxc4 32. Rxe7 Bg4 33. Rc7 Rd1+ 34. Kf2 Nd2 35. Ng1 Ne4+ 36. Ke3 Re1+ 37. Kd3 Rxg1 38. Kxe4 Re1+ 39. Kd3 Bf8 40. Kc4 Re5 41. Kb3 Re4 42. Rc8 Rxf4 43. Rb8 Kg7 44. Rxb6 Be7 45. Rb8 Re4 46. Rb7 Bd6 47. c4 Be5 48. Kb4 Re3 49. c5 Bd4 50. Kb5 Re4 51. c6 Re5+ 52. Ka6 Bf3 53. c7 Bxb7+ 54. Kxb7 Rc5 55. c8=Q Rxc8 56. Kxc8 Bxb2 57. a4 Ba3 58. a5 f6 0-1
Bullet tournament ,wqweto,Archer_reborn,0-1,2016.06.30,22:00:02,1376,1419,-13,10,A40,Horwitz Defense,60+0,Time forfeit,1. d4 e6 2. Nf3 Ne7 3. Bf4 Ng6 4. e3 Nxf4 5. exf4 Be7 6. Bd3 O-O 7. Ne5 d6 8. Ng4 e5 9. fxe5 f5 10. Ne3 f4 11. Nf1 f3 12. gxf3 Bh3 13. Ng3 Bg2 14. Rg1 Bxf3 15. Qd2 Bg5 16. Ne4 Bxd2+ 17. Nexd2 Nc6 18. Nxf3 dxe5 19. Nbd2 exd4 20. O-O-O Re8 21. Rg3 Nb4 22. Bc4+ Kh8 23. Rg4 a6 24. Nxd4 b5 25. Bb3 a5 26. Nc6 a4 27. Nxd8 Raxd8 28. Bf7 Rf8 29. Be6 c5 30. Ne4 c4 0-1
Bullet tournament ,enigmahack,ChecksMix,1-0,2016.06.30,22:00:02,1767,1748,10,-12,B40,Sicilian Defense: French Variation,60+0,Time forfeit,1. e4 c5 2. Nf3 e6 3. Bc4 Qc7 4. Nc3 Nc6 5. d4 cxd4 6. Nxd4 a6 7. Bb3 Bb4 8. O-O Nf6 9. Nxc6 bxc6 10. Bd2 O-O 11. Re1 Rd8 12. Qe2 d5 13. exd5 cxd5 14. Rad1 Bb7 15. a3 Bf8 16. Qe3 Kh8 17. Ne2 Ne4 18. f3 Nxd2 19. Rxd2 Bc5 20. Nd4 e5 21. Qc3 Bxd4+ 22. Rxd4 Qxc3 23. bxc3 exd4 24. cxd4 Re8 25. Rd1 h5 26. Kf2 h4 27. h3 Kh7 28. Ba4 Kg6 29. Bxe8 Rxe8 30. Rb1 Bc6 31. Rb6 Re6 32. f4 Bb5 33. Rxb5 axb5 34. a4 Kf5 35. axb5 Rb6 36. c4 Rxb5 37. cxb5 Ke6 38. b6 Kd7 39. b7 Kc7 40. b8=Q+ Kxb8 41. Kf3 Kc7 42. Kg4 Kd6 43. Kf5 g6+ 44. Kg4 Ke6 45. Kxh4 Kf6 46. Kg4 1-0
Classical tournament ,TonoyanRob7,bronze_dragon,1-0,2016.06.30,22:00:02,2215,2072,7,-7,C17,"French Defense: Winawer Variation, Advance Variation",600+0,Normal,1. e4 e6 2. d4 d5 3. Nc3 Bb4 4. e5 c5 5. a3 cxd4 6. Qxd4 Nc6 7. Bb5 Bxc3+ 8. Qxc3 Ne7 9. Bg5 O-O 10. O-O-O Bd7 11. Bxc6 Bxc6 12. Qg3 Qd7 13. Bxe7 Qxe7 14. f4 Rfc8 15. Nf3 Ba4 16. Nd4 Rc4 17. b3 Qxa3+ 18. Kb1 Rb4 19. f5 Bd7 20. f6 g6 21. h4 Rb6 22. Qe3 Qf8 23. h5 a5 24. hxg6 fxg6 25. Qh3 Qf7 26. Rd3 a4 27. Kb2 axb3 28. cxb3 Rba6 29. Qh6 Ra2+ 30. Kc3 Rc8+ 31. Kb4 Qf8+ 32. Qxf8+ Rxf8 33. Rdh3 Rf7 34. g4 Rd2 35. Nf3 Re2 36. Ng5 h5 37. Nxf7 Kxf7 38. gxh5 g5 39. h6 Kg8 40. h7+ Kh8 41. Rh6 Rxe5 42. Rg6 Re4+ 43. Ka3 Rh4 44. Rxh4 gxh4 45. Rg8+ Kxh7 46. Rg7+ Kh6 47. Rxd7 Kg6 48. f7 Kg7 49. f8=Q+ Kxf8 50. Rh7 h3 51. Rxh3 Kf7 52. Rh7+ Kf6 53. Rxb7 e5 54. Kb4 e4 55. Kc5 e3 56. Ra7 Ke5 57. Re7+ Kf4 58. Kxd5 1-0
Classical tournament ,whitty1973,DonQyf,1-0,2016.06.30,22:00:02,1580,1571,12,-14,D02,Queen's Pawn Game: Zukertort Variation,600+0,Normal,1. d4 d5 2. Nf3 e5 3. dxe5 c6 4. h3 Nd7 5. e3 Qc7 6. Qd4 Bc5 7. Qc3 Bb6 8. Bd2 f6 9. exf6 Ndxf6 10. Qe5+ Ne7 11. Bd3 Ba5 12. Qe6 Bxd2+ 13. Nfxd2 Qb6 14. Qe5 Bd7 15. b3 Qb4 16. O-O c5 17. c3 Qb6 18. c4 dxc4 19. Nxc4 Qc6 20. Nd6+ Kd8 21. Nf7+ Kc8 22. Nxh8 Ng6 23. Nxg6 hxg6 24. Bxg6 b6 25. Rd1 Kb7 26. Nc3 Bxh3 27. gxh3 Nd7 28. Qe4 Kc7 29. Qxc6+ Kxc6 30. Be4+ Kc7 31. Bxa8 Ne5 32. Ne4 g5 33. Nxg5 c4 34. bxc4 Nxc4 35. Rac1 b5 36. Bd5 Kb8 37. Bxc4 bxc4 38. Rxc4 Kb7 39. Rdc1 Kb6 40. Rc6+ Kb5 41. R1c5+ Kb4 42. Ne4 Ka3 43. Rc2 Kb4 44. R6c4+ Kb5 45. Rc8 a5 46. Rb8+ Ka6 47. Rc6+ Ka7 48. Rbb6 a4 49. Ra6+ Kb7 50. Nc5+ Kb8 51. Rab6+ Ka7 52. Rb7+ Ka8 53. Rc8# 1-0
Classical tournament ,Edprenton,Firdaus_edo,0-1,2016.06.30,22:00:02,1787,1842,-26,11,A30,English Opening: Symmetrical Variation,600+0,Normal,1. c4 c5 2. b3 Nc6 3. Bb2 d5 4. e3 d4 5. exd4 cxd4 6. Nf3 e5 7. d3 f6 8. Nh4 g6 9. g3 Be6 10. Nd2 Bb4 11. a3 Bf8 12. Bg2 Qb6 13. Ne4 Na5 14. b4 Nc6 15. c5 Qc7 16. Qf3 Be7 17. Qd1 Nh6 18. Bf3 g5 19. Ng2 g4 20. Be2 f5 21. Nd2 a5 22. Nb3 axb4 23. axb4 Rxa1 24. Bxa1 Nxb4 25. Nd2 Qxc5 26. Qa4+ Kf7 27. O-O Bd7 28. Qb3+ Be6 29. Qa3 Bd5 30. Nh4 Qc6 31. Rc1 Qd7 32. Qa5 Nc6 33. Qc3 dxc3 0-1
Blitz tournament ,Scop,eruditbattle_ru,1-0,2016.06.30,22:00:02,1939,1965,11,-12,B40,"Sicilian Defense: French Variation, Normal",300+0,Time forfeit,1. e4 c5 2. Nf3 e6 3. d4 cxd4 4. Nxd4 Nf6 5. Bd3 Bb4+ 6. Bd2 Bc5 7. Nb3 Bb6 8. O-O O-O 9. c4 d6 10. Nc3 Bd7 11. Qe2 Bc6 12. Rad1 Nbd7 13. h3 Ne5 14. Bc2 Qe7 15. Kh2 Bc7 16. f4 Ng6 17. Kh1 d5 18. exd5 exd5 19. Qxe7 Nxe7 20. cxd5 Nexd5 21. Nxd5 Nxd5 22. Nd4 Bd7 23. Bb3 Nf6 24. Rfe1 Bb6 25. Bc3 Rfe8 26. g4 Rad8 27. Kh2 Rxe1 28. Rxe1 Bxg4 29. Nb5 Bd7 30. Nd6 Be6 31. Nxb7 Rd7 32. Na5 Bxa5 33. Bxa5 Bxb3 34. axb3 h6 35. Bc3 Nd5 36. Bd2 Rb7 37. Re8+ Kh7 38. Rd8 Nb4 39. Kg3 Nc6 40. Rd3 Ne7 41. Kf3 Kg6 42. b4 Nf5 43. Bc3 f6 44. Ke4 Ne7 45. Rd6 Kh5 46. Be1 Rb6 47. Rxb6 axb6 48. b5 g5 49. Bf2 gxf4 50. Kxf4 Nd5+ 51. Kf5 Nc7 52. Kxf6 Nxb5 53. Bxb6 Kh4 54. Ke5 Kxh3 55. Kd5 h5 56. Kc6 1-0
Blitz tournament ,Tot27,EnioAugusto,1-0,2016.06.30,22:00:02,1479,1512,17,-11,C55,"Italian Game: Two Knights Defense, Modern Bishop's Opening",300+0,Normal,1. e4 e5 2. Bc4 Nc6 3. d3 Nf6 4. Nf3 h6 5. h3 Bc5 6. O-O O-O 7. Qe2 d6 8. a3 Ne7 9. b4 Bd4 10. Ra2 b6 11. Bb2 Bxb2 12. Rxb2 c5 13. bxc5 bxc5 14. Nc3 Bd7 15. Nd5 Nexd5 16. Bxd5 Nxd5 17. exd5 Qf6 18. c4 Qg6 19. g4 h5 20. Nh4 Qf6 21. Qe4 Qxh4 22. Kg2 hxg4 23. hxg4 Bxg4 24. Rh1 Qg5 25. Qh7# 1-0
Classical tournament ,BOBFICHER1981,samad_110,0-1,2016.06.30,22:00:02,2053,2056,-12,16,D00,Queen's Pawn Game: Chigorin Variation,600+0,Normal,1. d4 d5 2. Nc3 c6 3. Nf3 Nf6 4. Bg5 e6 5. e3 Be7 6. Bd3 Nbd7 7. O-O O-O 8. h3 h6 9. Bh4 Re8 10. Ne2 b5 11. b3 Ne4 12. Bxe7 Qxe7 13. Bxe4 dxe4 14. Nd2 f5 15. Nf4 e5 16. dxe5 Qxe5 17. Qh5 Nf6 18. Qg6 Bd7 19. Rad1 Nd5 20. Nxd5 cxd5 21. Rfe1 Re6 22. Qh5 Be8 23. Qh4 Rg6 24. Nf1 Bc6 25. Rd4 Re8 26. Red1 Kh7 27. Ng3 f4 28. Qxf4 Qe7 29. c4 bxc4 30. bxc4 Rf8 31. Nf5 Qf7 32. cxd5 Bb5 33. Nd6 Qxf4 34. exf4 Rxd6 35. Rxe4 Rf5 36. Re6 Rd7 37. g4 Rfxd5 38. Rde1 a5 39. h4 Rd1 40. g5 Rxe1+ 41. Rxe1 Rd2 42. h5 hxg5 43. fxg5 Rd5 44. f4 Rd4 45. Re7 Rxf4 46. h6 Rg4+ 47. Kh2 Rxg5 48. hxg7 Kg8 49. Rb7 a4 50. a3 Bc6 51. Rc7 Bd5 52. Ra7 Bb3 53. Kh3 Be6+ 54. Kh4 Rg4+ 55. Kh5 Rxg7 56. Rxa4 Rg1 57. Ra7 Bf7+ 58. Kh4 Kg7 59. a4 Kf6 60. a5 Bd5 61. a6 Ra1 62. Rd7 Ke6 63. Rg7 Rh1+ 64. Kg5 Rg1+ 65. Kh6 Rh1+ 66. Kg5 Ra1 67. Kf4 Kd6 68. a7 Bc6 69. Rg6+ Kc7 70. Ke5 Rxa7 71. Rg7+ Bd7 72. Kd4 Ra6 73. Kc5 Rc6+ 74. Kd5 Rc1 75. Rxd7+ Kxd7 76. Ke5 Rd1 77. Ke4 Kc6 78. Ke3 Rd8 79. Ke4 Kc5 80. Ke5 Re8+ 81. Kf6 Kd6 82. Kf7 Re7+ 83. Kf6 Re2 84. Kf5 Re1 85. Kf4 Kd5 86. Kf3 Re8 87. Kf4 Re7 88. Kf3 Kd4 89. Kf2 Kd3 90. Kf1 Re2 91. Kg1 Ke3 92. Kf1 Kf3 93. Kg1 Ra2 94. Kh1 Kg3 95. Kg1 Ra1# 0-1
Classical tournament ,lelouch_V,Vunjak,1-0,2016.06.30,22:00:02,1868,1861,11,-11,C46,Three Knights Opening,600+0,Normal,1. e4 e5 2. Nf3 Nc6 3. Nc3 d6 4. Bc4 h6 5. h3 Nf6 6. O-O Be6 7. Nd5 Be7 8. d3 O-O 9. Nh2 Nd4 10. f4 Bxd5 11. Bxd5 Nxd5 12. exd5 exf4 13. Bxf4 Bf6 14. c3 Nb5 15. Qg4 Bg5 16. Qg3 a6 17. Ng4 Bxf4 18. Rxf4 Qg5 19. Raf1 f5 20. h4 Qh5 21. Ne3 Rf6 22. Nxf5 g6 23. Ne7+ Kf7 24. Rxf6+ Kxe7 25. Qe3+ Qe5 26. Re6+ 1-0
Classical tournament ,omarassaad1,kendawy,1-0,2016.06.30,22:00:02,1454,1533,25,-15,B00,King's Pawn,600+0,Abandoned,1. e4 1-0
Bullet tournament ,hurvajsmanka,Spyandy,0-1,2016.06.30,22:00:02,1780,1789,-10,12,A00,Polish Opening: Dutch Defense,60+0,Normal,1. b4 f5 2. Bb2 Nf6 3. e3 d6 4. b5 e5 5. a4 Bd7 6. c4 c6 7. Nc3 cxb5 8. axb5 b6 9. Be2 Bc8 10. Bf3 e4 11. Be2 Bb7 12. d3 Nbd7 13. dxe4 fxe4 14. Nh3 Ne5 15. O-O Be7 16. Nf4 O-O 17. Ne6 Qb8 18. Nxf8 Qxf8 19. Nd5 Nxd5 20. cxd5 Bf6 21. Bxe5 Bxe5 22. Rc1 Qf6 23. f4 exf3 24. Bxf3 Qh4 25. g3 Qb4 26. Qe1 Qxb5 27. Rc7 Qa6 28. Bh5 Rf8 29. Rxf8+ Kxf8 30. Qf2+ Bf6 31. g4 Qa1+ 32. Kg2 Bxd5+ 33. Kg3 Qe5+ 34. Kh3 Qg5 35. Rc8+ Ke7 36. Rc7+ Kd8 37. Qc2 Qh4# 0-1
Classical tournament ,friodorovic,vanz123,1-0,2016.06.30,22:00:02,1734,1770,13,-13,A20,English Opening: King's English Variation,600+0,Normal,1. c4 e5 2. g3 f5 3. Bg2 Nf6 4. Nc3 Be7 5. e3 O-O 6. Nge2 d5 7. cxd5 Nxd5 8. Nxd5 Bg5 9. f4 exf4 10. exf4 Bf6 11. Qb3 Kh8 12. O-O c6 13. Nxf6 Qxf6 14. Qc3 Qh6 15. b3 Be6 16. Nd4 Bd5 17. Bxd5 cxd5 18. Nb5 Nc6 19. Qd3 Qe6 20. Nc7 1-0